sample,RNA_1,RNA_2,RNA_3,RNA_4,RNA_5,RNA_6,RNA_7,RNA_8,RNA_9,RNA_10,RNA_11,RNA_12,RNA_13,RNA_14,RNA_15,RNA_16,RNA_17,RNA_18,RNA_19,RNA_20,RNA_21,RNA_22,RNA_23,RNA_24,RNA_25,RNA_26,RNA_27,RNA_28,RNA_29,RNA_30,RNA_31,RNA_32
TCGA-25-1315,-0.156029388,-0.622491717,0.17502965,-0.553555548,-0.598226488,1.220112801,0.782409549,-0.634374738,0.836282074,-0.615561843,-0.599817753,-0.157524154,-0.645053267,-0.625914931,-0.651608109,-0.647012651,-0.431830168,-0.618807673,-0.353074759,-0.649604976,-0.636470318,-0.233721018,-0.620383501,-0.129987732,-0.058818366,-0.656473458,-0.368947715,-0.641924739,-0.161681652,-0.379855573,0.572938979,-0.610395014
TCGA-09-0369,-0.610747755,0.446736127,2.954967022,-0.352509648,0.667730629,1.318072319,0.859495401,-0.634374738,1.90802002,-0.615561843,-0.599817753,-0.09739472,-0.415023297,-0.625914931,-0.651608109,-0.647012651,0.967109799,-0.618807673,-0.656554163,0.026462719,-0.636470318,1.091391683,-0.620383501,-0.028621702,0.632454276,0.249319598,-0.117155261,-0.714076638,1.649102926,-0.611507535,-0.270362288,-0.610395014
TCGA-61-1900,1.106953859,-0.622491717,-0.649656534,0.145613492,-0.558739245,0.34669733,-0.281132132,-0.634374738,1.248271585,-0.615561843,-0.189932674,-0.447313219,-0.179740459,-0.625914931,0.346667677,-0.647012651,-0.429869503,-0.618807673,-0.557868779,-0.073626742,-0.636470318,-0.466190189,-0.620383501,0.43303287,0.63460964,-0.656473458,0.995232999,-0.714076638,-0.609113157,-0.265426964,-0.434001267,-0.610395014
TCGA-13-1499,0.613679051,1.022814393,-0.649656534,0.819648445,-0.379763454,-0.438113272,-0.621293247,0.119493097,-0.208604187,0.317019999,-0.018959409,-0.146656349,0.64228195,-0.625914931,0.760568798,-0.647012651,0.755481303,-0.618807673,-0.25241071,-0.649604976,-0.636470318,0.443050921,-0.620383501,0.448768765,2.934745312,-0.656473458,0.831307888,-0.714076638,-0.609113157,0.945985973,-0.625305831,1.567758918
TCGA-25-1633,-0.511514604,0.989147127,-0.649656534,-0.376463383,-0.598226488,-0.434518635,-0.621293247,-0.138645977,1.040580988,1.024269342,0.013582618,-0.104797617,1.51472342,-0.625914931,0.130541861,-0.647012651,1.312373519,-0.618807673,-0.656554163,-0.649604976,-0.636470318,0.105336174,-0.620383501,0.29270494,1.5649333,-0.656473458,0.481625855,-0.714076638,-0.609113157,-0.583482087,-0.625305831,0.613375783
TCGA-13-0800,0.005084963,-0.622491717,1.703629494,-0.328547984,-0.469811469,2.813422918,0.045090441,-0.634374738,1.466464639,-0.615561843,-0.599817753,-0.633629441,-0.645053267,-0.625914931,-0.651608109,-0.647012651,-0.660443783,-0.618807673,0.987380981,-0.649604976,-0.636470318,-0.689939857,-0.026129916,0.606359005,0.52772969,-0.656473458,0.502791762,-0.714076638,0.305548429,0.394852638,-0.625305831,-0.215036139
TCGA-61-1998,-0.610747755,-0.622491717,-0.649656534,-0.690470874,-0.598226488,-0.134444714,-0.621293247,-0.634374738,-0.645413041,-0.060343888,-0.599817753,-0.18190147,0.751029849,-0.625914931,-0.651608109,0.389262199,0.091152236,-0.495978028,0.623264551,-0.649604976,-0.636470318,0.150501892,-0.620383501,-0.667419493,-0.65330416,-0.656473458,-0.580367744,-0.714076638,-0.474796534,-0.611507535,0.523747385,-0.610395014
TCGA-61-2003,-0.610747755,0.877655745,-0.649656534,-0.690470874,-0.598226488,0.207472041,-0.621293247,-0.146531716,0.434538513,0.679997206,-0.599817753,-0.232886463,0.007712407,-0.625914931,-0.651608109,-0.647012651,0.543744862,-0.618807673,-0.322552472,0.788389862,-0.636470318,1.167929173,-0.620383501,-0.554568052,1.218409419,0.447662503,0.318105221,-0.714076638,-0.609113157,-0.611507535,0.308829546,-0.195415691
TCGA-25-2404,-0.610747755,-0.32909438,-0.649656534,0.186922684,-0.598226488,-0.621973574,-0.219514281,-0.634374738,0.565415323,1.704045415,-0.473114222,0.281794906,2.066986322,-0.625914931,-0.000789121,-0.226988241,-0.228129208,-0.618807673,-0.65416497,-0.649604976,-0.533160985,1.14490521,-0.620383501,-0.667419493,-0.360788673,1.21718061,0.202854425,-0.646269441,-0.609113157,-0.611507535,-0.042685505,-0.329939932
TCGA-13-0768,-0.222794965,1.944168806,-0.649656534,0.640648425,-0.132894412,-0.621973574,-0.621293247,-0.116116971,-0.645413041,0.411560267,-0.325213283,-0.358732373,0.522138,-0.16230382,-0.107224464,-0.647012651,0.715183198,-0.401724309,-0.656554163,0.058348812,-0.636470318,1.07029283,-0.620383501,-0.667419493,1.83079052,-0.512325943,0.842228353,-0.714076638,-0.609113157,-0.51844734,-0.625305831,0.182347476
TCGA-24-0970,-0.386508673,0.581654727,-0.602383196,-0.450737774,-0.133269325,-0.505482733,-0.508784294,-0.634374738,1.042565823,0.041758195,-0.539912105,-0.622481167,0.276874602,-0.625914931,0.051164933,-0.647012651,0.742447734,-0.618807673,-0.656554163,0.281023204,-0.636470318,1.079051733,-0.620383501,-0.196328342,0.933871329,-0.232557043,-0.320504516,-0.714076638,-0.609113157,-0.611507535,0.139416471,0.296559125
TCGA-13-0720,-0.610747755,-0.622491717,-0.649656534,-0.198541,-0.598226488,-0.621973574,0.769751489,-0.634374738,-0.645413041,-0.615561843,-0.253267914,0.779570401,-0.645053267,-0.625914931,-0.548423827,0.829791546,-0.660443783,-0.618807673,0.014714149,-0.609776795,0.453185201,-0.689939857,-0.504726589,-0.667419493,-0.65330416,1.01294601,-0.580367744,-0.698203385,-0.609113157,0.160855487,-0.09759149,-0.610395014
TCGA-24-0966,-0.610747755,-0.622491717,0.197621733,-0.690470874,-0.598226488,-0.326236784,1.691125751,-0.634374738,-0.645413041,-0.615561843,-0.599817753,-0.215691939,-0.645053267,-0.625914931,-0.651608109,0.47085166,-0.660443783,-0.134363294,3.193827391,-0.649604976,1.503140092,-0.689939857,-0.26429832,-0.667419493,-0.65330416,-0.204402879,-0.580367744,-0.714076638,0.302118689,-0.611507535,0.998485804,-0.426284224
TCGA-24-1423,-0.247758135,-0.622491717,-0.649656534,-0.690470874,-0.598226488,-0.299661219,-0.005373915,-0.634374738,0.471702874,0.114075921,-0.002018608,-0.056365121,0.98147577,-0.625914931,-0.388130456,-0.156244427,0.520868957,-0.618807673,1.249933004,-0.649604976,-0.636470318,-0.689939857,-0.620383501,-0.667419493,0.19427678,0.313464284,-0.443912297,-0.222198129,-0.609113157,-0.611507535,0.038463429,-0.430889279
TCGA-13-0795,-0.610747755,1.862444043,0.262749225,-0.690470874,-0.598226488,-0.621973574,2.631806135,-0.634374738,0.455681622,0.695074558,-0.599817753,1.100303173,-0.645053267,-0.625914931,-0.651608109,-0.647012651,-0.460108578,-0.618807673,-0.132282779,3.064352989,-0.613247156,0.628598452,-0.620383501,-0.667419493,0.778047085,0.952954471,-0.580367744,-0.714076638,2.231197119,-0.611507535,1.19883728,1.292326093
TCGA-09-0367,-0.610747755,-0.622491717,-0.649656534,-0.690470874,-0.598226488,-0.621973574,0.760906994,-0.634374738,-0.645413041,-0.289084971,-0.599817753,-0.029933989,-0.486983061,-0.625914931,-0.651608109,0.69278264,-0.660443783,-0.325910598,-0.656554163,-0.649604976,-0.405356914,-0.689939857,-0.620383501,-0.667419493,-0.65330416,0.576260746,-0.580367744,0.729931056,-0.609113157,-0.611507535,-0.536670804,-0.610395014
TCGA-61-1740,-0.51389432,2.080058098,-0.649656534,1.557878137,-0.598226488,-0.621973574,-0.621293247,-0.031735227,-0.645413041,-0.615561843,1.897474647,-0.022248097,-0.645053267,0.271256804,-0.17029281,-0.647012651,-0.553494632,-0.3556844,-0.656554163,0.117194362,-0.636470318,-0.689939857,-0.620383501,-0.667419493,1.31758368,0.241876796,1.726683974,-0.714076638,-0.609113157,0.675275445,0.368390828,-0.085917518
TCGA-61-1737,-0.129659295,-0.314146668,-0.649656534,-0.069312498,-0.038010083,-0.621973574,-0.621293247,-0.634374738,-0.645413041,1.334360242,0.83246851,-0.315345973,1.886364102,0.288675994,1.693428993,-0.14924933,-0.660443783,0.08385019,-0.656554163,-0.649604976,-0.47634238,-0.689939857,-0.620383501,-0.667419493,-0.65330416,0.609471083,-0.580367744,-0.714076638,-0.609113157,-0.611507535,-0.625305831,-0.465868443
TCGA-13-1409,-0.610747755,-0.622491717,2.407948494,-0.362754226,-0.256421953,0.691371739,-0.04641445,-0.634374738,2.189542055,-0.615561843,-0.599817753,-0.633629441,-0.33985126,-0.625914931,-0.651608109,-0.647012651,0.695009589,-0.618807673,0.511179209,-0.649604976,-0.636470318,0.061525729,-0.543833017,0.420639575,0.975360572,-0.656473458,-0.580367744,0.343533069,-0.609113157,-0.611507535,-0.625305831,-0.610395014
TCGA-13-1405,-0.610747755,1.878366351,-0.649656534,0.341350496,-0.598226488,-0.621973574,-0.621293247,-0.634374738,-0.645413041,0.654594779,-0.104007915,-0.633629441,0.437348604,-0.625914931,0.71870935,-0.647012651,0.490671098,-0.618807673,-0.656554163,-0.216460288,-0.180573806,0.832054079,-0.620383501,-0.667419493,0.239875734,0.826458931,-0.411141694,-0.714076638,-0.609113157,-0.611507535,-0.144057915,0.226611182
TCGA-13-0924,-0.610747755,-0.033535551,-0.649656534,0.217537209,-0.598226488,-0.621973574,-0.549856722,-0.011344054,-0.645413041,-0.552488208,0.5301615,1.209033489,0.59782666,0.169261754,-0.209281698,-0.647012651,-0.464870542,-0.618807673,-0.656554163,-0.649604976,-0.636470318,-0.248397321,-0.620383501,-0.470907003,0.013352399,0.977250278,0.449786246,0.4026061,-0.609113157,-0.430101812,-0.625305831,-0.214085862
TCGA-10-0927,-0.610747755,-0.622491717,1.401344419,0.074544847,0.307321757,0.305934906,-0.535089016,-0.634374738,-0.279799074,-0.615561843,-0.599817753,-0.425546229,-0.645053267,-0.625914931,-0.651608109,-0.647012651,-0.588740349,-0.618807673,-0.111953944,-0.15704295,-0.629326224,-0.514633298,-0.620383501,0.742378354,-0.65330416,-0.656473458,-0.500885904,-0.714076638,-0.249493644,-0.467643976,-0.625305831,-0.610395014
TCGA-09-1674,0.483080894,0.241405413,2.129503489,-0.690470874,-0.342055947,2.603128195,-0.621293247,-0.634374738,1.773050785,-0.615561843,-0.599817753,-0.429777741,-0.307999313,-0.625914931,-0.651608109,-0.647012651,1.776285648,-0.618807673,-0.656554163,-0.571574748,-0.636470318,1.167130947,-0.620383501,0.025864182,1.888494492,-0.656473458,1.63878262,-0.714076638,-0.462730676,-0.611507535,0.904471457,1.310908675
TCGA-10-0936,-0.610747755,-0.525310278,-0.649656534,-0.557504416,-0.598226488,-0.002175763,2.792425632,-0.634374738,0.344756871,-0.615561843,-0.599817753,0.718158185,-0.645053267,-0.625914931,-0.651608109,-0.647012651,-0.660443783,-0.618807673,4.11587429,1.746246457,0.625865102,-0.689939857,-0.620383501,-0.667419493,2.668575525,1.681213379,1.047189236,-0.714076638,0.464154392,-0.385818481,0.376736552,2.89440918
TCGA-13-0916,-0.582182765,-0.094789565,-0.649656534,-0.581525028,-0.598226488,-0.621973574,-0.293369234,-0.610021114,-0.426529497,-0.615561843,-0.258950979,0.042666998,-0.645053267,0.407924622,-0.651608109,-0.647012651,-0.646134138,-0.618807673,1.629763365,-0.649604976,-0.606354415,-0.689939857,0.362654418,-0.667419493,1.70667994,-0.656473458,1.326104403,0.783080637,-0.450319678,-0.467099905,0.201601118,-0.610395014
TCGA-13-1511,-0.610747755,0.106261984,-0.284437001,-0.690470874,-0.598226488,-0.621973574,-0.621293247,-0.634374738,-0.645413041,-0.379075676,-0.507976413,-0.16209282,-0.332144439,0.18789047,0.55911237,-0.647012651,-0.660443783,0.48094213,-0.656554163,-0.471730173,0.505481124,-0.689939857,-0.583913565,-0.667419493,-0.65330416,0.227047458,-0.580367744,-0.009733875,-0.501001477,-0.611507535,-0.044516806,-0.398827195
TCGA-25-1316,-0.490882456,1.552062154,0.661863804,0.003510908,-0.598226488,-0.253384501,0.086592346,-0.634374738,1.503391385,-0.615561843,0.165342286,0.830946445,-0.03867957,-0.278886884,-0.651608109,-0.647012651,0.688737512,-0.618807673,-0.656554163,-0.574481666,-0.469038218,-0.080961883,-0.620383501,-0.667419493,-0.416196972,-0.656473458,0.712988198,-0.714076638,-0.365523964,-0.611507535,-0.625305831,-0.610395014
TCGA-13-2060,-0.610747755,1.147500038,-0.649656534,-0.690470874,-0.598226488,-0.621973574,-0.621293247,0.580931962,-0.645413041,-0.615561843,-0.48402378,-0.633629441,-0.645053267,2.345646381,-0.453658342,-0.647012651,-0.293553352,0.984399378,-0.656554163,0.182391241,-0.546509683,-0.689939857,0.003893202,-0.667419493,-0.398265451,-0.656473458,-0.580367744,-0.277154088,-0.140619472,-0.15309228,-0.509951293,0.972986221
TCGA-09-2051,-0.610747755,1.32275641,-0.649656534,0.198479772,-0.598226488,-0.621973574,0.452851057,-0.634374738,-0.180957749,-0.615561843,1.481217265,1.954140425,-0.5967713,0.472169191,-0.651608109,-0.647012651,-0.660443783,-0.603266478,-0.656554163,1.111946225,-0.636470318,-0.689939857,-0.620383501,-0.667419493,0.311000109,1.541578054,0.459439874,-0.714076638,-0.562898219,-0.611507535,0.674172461,-0.610395014
TCGA-25-2400,-0.038653262,-0.075068846,0.003630159,-0.690470874,-0.598226488,0.158272028,1.195393682,-0.634374738,-0.005382422,-0.600953639,-0.3999708,1.121848106,-0.645053267,-0.625914931,-0.651608109,-0.647012651,-0.660443783,-0.618807673,0.543306112,2.157330751,-0.636470318,-0.689939857,-0.620383501,-0.490594536,0.227044106,0.156975955,0.724138319,-0.402209997,0.896085739,-0.611507535,1.066063643,1.206274271
TCGA-13-1506,-0.610747755,0.791896939,0.00776281,-0.690470874,-0.598226488,0.429376811,1.084948897,-0.634374738,-0.645413041,-0.615561843,-0.599817753,0.179919377,-0.645053267,-0.625914931,-0.651608109,-0.647012651,0.295990318,-0.473155499,0.97451812,1.416678905,-0.636470318,-0.689939857,-0.620383501,0.014228188,0.259895921,0.56823194,1.163470864,-0.500787735,0.52486366,-0.199120864,0.732575119,1.469266415
TCGA-13-0920,1.352282882,-0.622491717,-0.649656534,1.169326901,0.654517651,0.245534375,-0.237772584,0.138956517,-0.645413041,-0.615561843,-0.190624714,-0.633629441,-0.645053267,0.165874362,-0.022595383,-0.082996555,-0.22745955,0.104770891,0.604643464,-0.649604976,-0.636470318,-0.689939857,0.235981286,1.046878219,-0.088778034,-0.656473458,-0.580367744,-0.714076638,-0.609113157,1.844930768,-0.625305831,-0.610395014
TCGA-09-1659,-0.610747755,0.188515186,-0.188484058,-0.690470874,-0.598226488,-0.621973574,-0.024057107,-0.634374738,-0.645413041,-0.190150544,-0.599817753,0.608860433,-0.125215217,-0.625914931,-0.634661853,-0.603608906,-0.660443783,-0.618807673,-0.049190227,0.810400903,-0.343360007,0.676857769,-0.620383501,-0.563836157,-0.65330416,-0.316520721,-0.473716497,-0.596062779,-0.609113157,-0.611507535,0.893238425,-0.578230858
TCGA-13-1505,0.077559695,0.327813029,-0.649656534,0.253483146,-0.44325763,0.051055264,-0.621293247,-0.145363986,0.158506066,-0.273676246,0.09233766,-0.633629441,0.079121716,0.045742106,-0.085813537,-0.647012651,-0.1301447,-0.618807673,-0.656554163,-0.649604976,-0.636470318,-0.142917812,-0.620383501,-0.369306505,2.471383572,-0.656473458,1.565748811,-0.714076638,-0.609113157,1.093291163,-0.625305831,-0.330013543
TCGA-25-1328,-0.610747755,-0.622491717,-0.649656534,-0.511203051,-0.598226488,-0.621973574,-0.621293247,-0.634374738,0.005185186,0.372293115,0.340037853,0.505711854,1.222254395,0.26942125,0.424614221,0.528960764,-0.645853221,-0.618807673,-0.046029683,-0.649604976,0.164990246,1.350317478,-0.620383501,-0.406097323,-0.65330416,-0.278245538,-0.580367744,-0.714076638,-0.609113157,-0.611507535,-0.188392028,-0.610395014
TCGA-24-1418,-0.610747755,0.974043906,-0.649656534,-0.690470874,-0.598226488,-0.238541633,-0.621293247,-0.634374738,0.033351664,1.146963954,-0.599817753,-0.314375103,0.987046897,-0.625914931,0.095203303,-0.647012651,1.902346492,-0.618807673,-0.000812298,0.095126539,-0.636470318,1.233662486,-0.620383501,-0.667419493,1.885574341,0.562908292,0.420005471,-0.714076638,-0.609113157,-0.611507535,-0.178738818,1.611266851
TCGA-61-1910,-0.610747755,-0.521686673,2.178468704,-0.690470874,-0.598226488,0.792096317,1.297672987,-0.018342687,-0.645413041,-0.615561843,-0.599817753,-0.135296911,-0.645053267,-0.539631963,-0.651608109,-0.647012651,-0.660443783,0.557428181,1.721469998,0.438173413,2.367746353,-0.689939857,-0.114704587,-0.111731842,-0.65330416,0.385808915,-0.580367744,-0.714076638,1.343359709,-0.611507535,-0.625305831,0.195487112
TCGA-13-1507,-0.610747755,0.817908704,-0.649656534,0.803203046,-0.424737453,-0.621973574,-0.621293247,-0.607468009,-0.645413041,0.523747087,-0.599817753,-0.633629441,-0.007466634,-0.31149599,-0.35837245,-0.647012651,0.57696569,0.097987093,-0.656554163,-0.649604976,-0.636470318,0.276230007,0.404390454,-0.667419493,-0.65330416,-0.656473458,-0.465396553,-0.714076638,-0.609113157,-0.611507535,-0.625305831,0.2749919
TCGA-61-1911,-0.603561699,0.646657765,-0.649656534,0.38422057,-0.598226488,-0.621973574,0.338391364,0.197126493,-0.645413041,-0.615561843,-0.00296984,-0.633629441,-0.645053267,0.591341853,-0.651608109,-0.37814787,-0.608016849,-0.341527402,-0.656554163,1.23678565,-0.636470318,-0.689939857,-0.620383501,-0.667419493,-0.110970318,-0.656473458,0.218271703,-0.714076638,-0.609113157,0.263814449,-0.398028761,-0.610395014
TCGA-30-1891,-0.610747755,1.170118451,-0.444642991,0.897501886,-0.598226488,-0.621973574,-0.300955296,0.135473952,-0.573680818,1.72602284,-0.599817753,0.468076229,1.916297078,-0.625914931,-0.485034883,-0.647012651,1.158206105,-0.618807673,-0.656554163,-0.509220421,-0.381782293,1.817218542,-0.620383501,0.719578922,0.375875235,1.364384174,0.377290547,-0.714076638,-0.609113157,-0.611507535,-0.625305831,-0.610395014
TCGA-10-0934,-0.610747755,0.381611496,1.870604038,-0.690470874,-0.598226488,-0.621973574,3.122712135,-0.634374738,-0.645413041,-0.615561843,-0.26321891,0.83384949,-0.645053267,-0.625914931,-0.651608109,-0.647012651,-0.660443783,-0.266288131,-0.656554163,2.283554792,2.164371729,-0.474693477,-0.620383501,-0.667419493,-0.65330416,-0.311008096,-0.580367744,-0.714076638,1.453406572,-0.611507535,2.881337881,-0.448228478
TCGA-24-1103,-0.610747755,-0.622491717,-0.623401582,-0.690470874,-0.598226488,-0.368407309,1.551746726,-0.634374738,-0.645413041,-0.615561843,0.056967795,-0.353888631,-0.645053267,-0.625914931,-0.651608109,0.317023098,-0.660443783,-0.083935723,1.214415312,-0.649604976,0.425217181,-0.689939857,-0.620383501,-0.667419493,-0.65330416,-0.55033803,-0.580367744,-0.714076638,-0.561215281,0.044997122,-0.588351846,-0.324531436
TCGA-25-2409,-0.610747755,-0.622491717,0.092884928,-0.690470874,-0.598226488,-0.621973574,-0.621293247,-0.222105518,-0.645413041,0.127630055,-0.289835393,-0.571254373,0.602668405,-0.47624889,-0.03093941,1.317285538,-0.660443783,-0.460026324,-0.361242503,-0.625702262,1.323441148,-0.423223764,-0.092878364,-0.667419493,-0.65330416,1.307734728,-0.402750552,-0.200290382,-0.609113157,-0.611507535,-0.625305831,-0.610395014
TCGA-61-2009,-0.172571197,-0.110434271,-0.649656534,-0.690470874,-0.321113706,-0.621973574,-0.621293247,-0.634374738,0.765626252,1.153467655,-0.013043631,-0.504198611,1.759714127,-0.384214967,0.416667402,-0.647012651,0.91402185,-0.119122058,-0.656554163,-0.649604976,-0.636470318,0.732969463,-0.620383501,-0.667419493,0.805795372,-0.140905783,-0.517488301,-0.714076638,-0.609113157,-0.611507535,0.070774451,-0.610395014
TCGA-24-1413,-0.330338269,-0.622491717,-0.649656534,-0.690470874,-0.598226488,0.875915766,-0.106097095,-0.634374738,-0.645413041,-0.615561843,-0.565869212,-0.633629441,-0.645053267,-0.003012168,-0.651608109,0.566660404,-0.660443783,-0.105639406,2.835493326,-0.649604976,0.583652914,-0.689939857,-0.339826047,-0.667419493,-0.65330416,-0.5751369,-0.580367744,0.004505895,-0.346075833,-0.431576431,-0.282255113,-0.610395014
TCGA-13-1495,-0.610747755,-0.074517332,-0.649656534,0.187946573,-0.598226488,-0.621973574,-0.569386363,-0.634374738,-0.645413041,0.588479757,-0.599817753,-0.633629441,-0.551057518,-0.329286933,-0.171417937,0.487107158,-0.485169739,-0.515878201,-0.656554163,-0.649604976,-0.636470318,-0.689939857,0.770151317,-0.533664465,-0.65330416,0.145828575,-0.580367744,1.352599382,-0.210393474,-0.611507535,-0.15076749,-0.610395014
TCGA-25-1321,-0.610747755,-0.622491717,-0.603274584,-0.690470874,-0.336081862,2.237432241,0.632260323,-0.554379821,0.468736827,-0.615561843,-0.599817753,-0.633629441,-0.645053267,-0.625914931,-0.651608109,-0.647012651,-0.660443783,0.38233611,1.813575745,-0.39079836,0.886911273,-0.689939857,-0.620383501,0.306330115,-0.65330416,-0.656473458,-0.580367744,-0.577822506,0.018949119,-0.130506173,-0.625305831,0.410751134
TCGA-25-1322,-0.610747755,0.685717762,-0.649656534,-0.690470874,-0.598226488,-0.621973574,-0.621293247,-0.634374738,0.142183915,0.500220716,-0.593771815,1.067773342,0.977782011,-0.625914931,-0.164233401,-0.647012651,-0.307597637,-0.618807673,0.409459531,1.065070271,-0.607455015,1.033331513,-0.620383501,-0.667419493,0.813573599,1.005925894,1.034403324,-0.714076638,-0.609113157,-0.611507535,1.701424599,0.421253026
TCGA-13-0797,-0.610747755,1.47561276,-0.481014609,-0.690470874,-0.598226488,-0.621973574,0.554998696,-0.634374738,-0.645413041,-0.615561843,-0.599817753,0.943015873,-0.645053267,0.953034759,-0.651608109,-0.647012651,-0.660443783,-0.16270414,-0.656554163,1.194730282,1.678794265,-0.296765864,-0.217798933,-0.667419493,-0.65330416,0.408359796,-0.580367744,-0.714076638,0.486805528,-0.334575266,0.561780512,-0.33441782
TCGA-25-1326,-0.451553315,0.809573352,-0.649656534,0.253705204,-0.56070143,-0.621973574,-0.621293247,0.379747689,-0.466736525,0.059142988,0.53894341,-0.549853742,0.517740607,0.171637148,0.824002743,-0.647012651,-0.403455257,0.405517668,-0.656554163,0.16370894,-0.636470318,0.800249279,-0.620383501,-0.667419493,0.356265694,0.186849385,0.171585739,-0.714076638,-0.609113157,-0.447941393,-0.428585738,-0.187536195
TCGA-10-0931,-0.610747755,-0.430474341,0.848868608,-0.690470874,-0.598226488,-0.304847747,0.854508877,-0.634374738,-0.547223449,-0.615561843,-0.599817753,0.267300576,-0.645053267,-0.625914931,-0.651608109,-0.647012651,-0.660443783,-0.618807673,2.035075903,0.158983365,0.53504622,-0.689939857,0.443351895,-0.667419493,-0.65330416,0.456921875,-0.492363155,-0.461426824,0.448055089,-0.611507535,0.576198816,0.222612351
TCGA-09-2044,-0.430596918,-0.323014617,-0.343151897,-0.690470874,-0.528225541,-0.621973574,-0.621293247,1.035326362,-0.645413041,-0.615561843,-0.53015238,0.332790822,-0.645053267,0.786438346,-0.651608109,0.025467549,-0.652450085,0.184537843,-0.191678509,-0.649604976,-0.33018893,-0.689939857,1.0598737,-0.264078438,-0.635014594,-0.656473458,-0.242750227,-0.333558619,-0.609113157,-0.123323984,-0.177237928,-0.610395014
TCGA-09-1667,-0.566221237,0.014029098,-0.649656534,0.275944918,-0.598226488,-0.621973574,-0.621293247,0.480883956,-0.645413041,-0.615561843,0.138666958,-0.633629441,-0.645053267,1.552027225,1.20557797,-0.008787536,-0.660443783,1.336312175,-0.656554163,-0.649604976,0.065516077,-0.689939857,0.417471141,-0.178304255,-0.65330416,-0.656473458,-0.568821788,-0.676271617,-0.609113157,0.895556867,-0.625305831,-0.610395014
TCGA-13-0799,0.283918351,-0.622491717,-0.649656534,-0.311846703,-0.333983958,-0.151865914,-0.451841712,-0.634374738,-0.485847503,-0.615561843,-0.599817753,-0.633629441,-0.645053267,-0.625914931,-0.520296276,1.40217948,-0.660443783,-0.618807673,0.118442282,-0.649604976,0.277418077,-0.689939857,1.305030704,-0.667419493,-0.65330416,-0.656473458,-0.580367744,0.171827331,-0.609113157,-0.611507535,-0.625305831,-0.610395014
TCGA-24-1427,-0.610747755,1.267103076,-0.649656534,-0.217140332,-0.555762112,-0.621973574,-0.621293247,0.204679921,-0.194746926,1.329532385,0.391303807,-0.522779524,1.34646225,-0.625914931,1.357132435,-0.647012651,1.589590907,-0.618807673,-0.656554163,-0.432351232,-0.636470318,1.186385393,-0.620383501,-0.295267016,2.279151678,0.070450157,0.226492971,-0.714076638,-0.609113157,0.144733846,-0.625305831,1.157654524
TCGA-25-1313,-0.610747755,-0.622491717,-0.649656534,-0.690470874,-0.598226488,-0.17719695,-0.621293247,0.097559921,-0.645413041,-0.516447127,0.071247652,-0.633629441,-0.582170129,-0.237871364,-0.651608109,0.692243338,-0.660443783,1.331500411,0.347987413,-0.219060585,0.982617557,-0.689939857,-0.620383501,-0.124089897,-0.65330416,0.085148513,-0.580367744,-0.39972049,-0.084477305,-0.337558836,-0.625305831,-0.610395014
TCGA-OY-A56Q,-0.610747755,-0.622491717,1.818123817,-0.690470874,0.507402003,3.912170887,-0.169791862,-0.634374738,0.084867127,-0.615561843,-0.599817753,-0.633629441,-0.645053267,-0.625914931,-0.651608109,-0.647012651,0.701445878,-0.618807673,0.753252804,-0.649604976,0.498506486,-0.069284461,0.071379006,1.397282124,0.776966453,-0.656473458,0.630244792,-0.714076638,1.810050726,0.387256354,-0.625305831,-0.496063769
TCGA-25-1317,1.163740039,-0.622491717,-0.649656534,-0.589305937,-0.055979725,-0.009130604,-0.621293247,-0.634374738,-0.401012927,-0.615561843,1.011399746,-0.633629441,0.497075081,-0.559605479,1.752863526,-0.233147547,0.14840506,-0.618807673,0.683580518,-0.254686475,-0.636470318,0.211699203,-0.620383501,0.404717207,1.301352501,-0.656473458,-0.580367744,-0.714076638,-0.609113157,1.232293487,-0.625305831,-0.528248429
TCGA-13-1488,0.527477741,-0.415298074,-0.649656534,-0.646785378,-0.116053209,-0.621973574,-0.621293247,0.672337174,-0.645413041,-0.615561843,0.061295982,-0.633629441,-0.645053267,0.454197675,-0.641076565,0.109941699,0.159530789,0.766872466,-0.507115602,-0.087568335,-0.636470318,-0.689939857,0.716318548,0.032412611,-0.65330416,-0.466346413,-0.461340964,1.199884415,-0.609113157,-0.06530422,-0.625305831,-0.253008425
TCGA-61-1738,-0.610747755,0.957604706,-0.649656534,0.534258246,-0.598226488,-0.621973574,0.522591412,-0.634374738,-0.645413041,-0.615561843,-0.599817753,0.198501006,-0.645053267,0.709041119,-0.651608109,-0.647012651,-0.433067739,-0.446991175,-0.643479884,0.424255043,-0.58196646,-0.689939857,-0.620383501,-0.667419493,-0.234248534,0.067854866,0.637390435,-0.714076638,1.324331284,-0.611507535,1.686300397,-0.610395014
TCGA-24-1425,-0.610747755,0.629624009,-0.649656534,-0.39269048,-0.598226488,-0.621973574,-0.621293247,-0.086940616,-0.645413041,1.52907002,-0.346030474,-0.23952736,1.423107505,-0.625914931,0.356377274,-0.647012651,0.385198116,-0.618807673,-0.656554163,-0.649604976,-0.636470318,1.388480425,-0.620383501,0.037151515,0.563068926,0.838980317,0.195837811,-0.443391562,-0.609113157,-0.611507535,-0.625305831,0.439309716
TCGA-13-0883,-0.610747755,-0.622491717,-0.649656534,-0.690470874,-0.598226488,-0.621973574,-0.621293247,-0.634374738,1.382393599,1.238173604,0.347835004,0.739544749,1.864856005,0.005684971,0.930680513,1.697733283,0.003378944,-0.618807673,-0.175495639,-0.649604976,-0.088933997,-0.256789148,-0.620383501,-0.667419493,-0.65330416,0.064882532,-0.580367744,-0.714076638,-0.609113157,-0.611507535,-0.625305831,-0.610395014
TCGA-25-2393,-0.323385864,0.947942674,0.532430887,-0.235800251,-0.598226488,-0.327552795,-0.621293247,-0.634374738,-0.200014681,-0.615561843,0.212981477,0.37815845,0.573899746,-0.625914931,-0.651608109,-0.647012651,1.226478934,-0.618807673,0.217518032,-0.456096292,-0.636470318,0.203444541,-0.620383501,-0.667419493,0.828100801,-0.656473458,1.322408795,-0.714076638,-0.444585651,-0.611507535,-0.229414582,-0.610395014
TCGA-OY-A56P,-0.092201814,-0.386953115,0.454050869,1.012045741,-0.598226488,2.421254635,-0.621293247,-0.634374738,2.382876873,-0.615561843,-0.599817753,-0.420784831,-0.18233639,-0.625914931,-0.651608109,-0.647012651,1.465145946,-0.618807673,1.135991573,-0.649604976,-0.636470318,-0.129034385,-0.620383501,-0.032162741,1.920542002,-0.656473458,0.622781038,-0.488728195,-0.37928617,-0.611507535,-0.591005325,-0.610395014
TCGA-25-2397,-0.610747755,0.316704452,-0.649656534,-0.419350505,-0.598226488,-0.621973574,1.096450925,-0.634374738,-0.645413041,0.089631155,-0.599817753,1.356127501,-0.19969435,-0.625914931,-0.651608109,-0.544968605,-0.660443783,-0.618807673,-0.656554163,0.670377374,1.32520318,0.901098073,-0.620383501,-0.667419493,-0.424729377,2.063762188,-0.5299775,-0.144041821,-0.535539925,-0.611507535,0.56718725,-0.254184783
TCGA-61-2002,-0.610747755,0.486935228,-0.649656534,0.76288265,-0.598226488,-0.621973574,-0.621293247,0.324444264,0.124358766,0.946714222,0.088078573,-0.436311185,1.379295468,-0.625914931,-0.038951706,-0.501823366,-0.292604506,0.067122631,-0.656554163,-0.649604976,-0.636470318,1.228133559,-0.620383501,-0.642813087,-0.388574988,1.104267836,0.606397748,-0.185059682,-0.577829003,-0.611507535,-0.202860117,-0.055014402
TCGA-09-1673,-0.610747755,-0.622491717,0.56327635,-0.690470874,-0.598226488,2.470523596,-0.362381667,-0.634374738,0.75058347,-0.615561843,-0.599817753,-0.212247208,-0.645053267,-0.472119927,-0.651608109,-0.647012651,0.163690418,-0.618807673,1.875410199,-0.649604976,0.351195812,-0.689939857,0.417470306,0.809929788,0.911296487,-0.656473458,0.561854124,-0.714076638,1.830366373,-0.611507535,-0.625305831,-0.610395014
TCGA-13-0911,-0.610747755,1.50538075,-0.649656534,-0.690470874,-0.598226488,-0.621973574,-0.621293247,-0.121037245,-0.645413041,0.048706714,-0.256147534,0.828121126,0.295035511,-0.322689503,-0.302821368,-0.598648667,-0.416131407,-0.618807673,-0.441008002,-0.433569759,-0.348199785,0.11231932,-0.59147048,0.522103667,0.278240591,1.234915257,0.713280082,-0.714076638,-0.609113157,-0.383670241,0.146934062,-0.610395014
TCGA-25-1626,0.104980968,2.046007395,-0.649656534,-0.690470874,-0.598226488,-0.60467124,-0.621293247,-0.25538215,1.752937555,1.997569561,-0.425432414,-0.003934865,1.987032294,-0.625914931,0.1432807,-0.647012651,1.981783748,-0.618807673,-0.206723556,-0.649604976,-0.636470318,3.100321293,-0.620383501,-0.361707985,3.431420803,0.270350009,0.672865868,-0.714076638,-0.609113157,-0.611507535,-0.072694384,1.996608377
TCGA-25-1634,-0.610747755,-0.622491717,3.307122231,-0.621616185,0.870971322,1.720304012,1.114082575,-0.634374738,-0.330787003,-0.615561843,-0.599817753,-0.633629441,-0.645053267,-0.591114879,-0.651608109,-0.647012651,0.866536617,-0.618807673,-0.33669126,-0.55427146,-0.636470318,0.414280742,-0.620383501,0.910133064,-0.65330416,-0.656473458,-0.580367744,-0.714076638,1.113509178,-0.368292093,-0.223541588,-0.610395014
TCGA-61-2000,-0.610747755,0.856240392,0.834936738,-0.690470874,-0.598226488,-0.621973574,-0.245812744,-0.611331761,-0.026822319,-0.510533452,-0.599817753,0.739114881,-0.572617352,0.329388946,-0.651608109,-0.647012651,-0.571334183,-0.618807673,-0.656554163,0.665203512,0.218752459,-0.689939857,-0.620383501,-0.667419493,-0.65330416,0.006732477,-0.133719102,-0.714076638,0.958336294,-0.611507535,-0.151470333,-0.610395014
TCGA-13-0762,-0.0385646,-0.622491717,0.368908912,-0.690470874,0.770628393,-0.285886198,-0.621293247,-0.23215048,-0.645413041,-0.615561843,-0.599817753,-0.633629441,-0.645053267,-0.625914931,-0.595684171,0.161337614,-0.660443783,-0.618807673,-0.343848854,-0.649604976,-0.636470318,-0.689939857,-0.438425511,0.080345988,-0.65330416,-0.656473458,-0.580367744,-0.169483691,0.23118332,0.014018061,-0.625305831,-0.610395014
TCGA-61-2012,-0.610747755,1.666653275,-0.649656534,-0.21828866,-0.598226488,-0.621973574,-0.621293247,-0.634374738,-0.645413041,-0.615561843,-0.599817753,0.392778486,-0.446546555,-0.625914931,-0.651608109,-0.647012651,0.255585402,-0.618807673,0.815917313,1.640079737,-0.636470318,1.457532048,-0.620383501,-0.667419493,2.26127696,-0.042262062,1.326582193,-0.714076638,-0.609113157,-0.611507535,1.25173986,0.694870889
TCGA-13-1411,-0.610747755,1.634863973,-0.649656534,-0.679907203,-0.598226488,-0.621973574,-0.621293247,0.078770421,-0.645413041,0.890264869,-0.599817753,-0.633629441,1.284534693,-0.463031143,-0.23883298,-0.647012651,0.4946132,-0.055856079,-0.656554163,-0.250001431,-0.636470318,1.945731878,-0.620383501,-0.667419493,0.709475279,-0.145346329,0.115257159,-0.714076638,-0.609113157,-0.611507535,-0.117846288,0.155999169
TCGA-61-1725,-0.610747755,-0.571339607,-0.649656534,0.705186844,-0.598226488,-0.621973574,-0.579092801,-0.098508671,-0.645413041,0.127722502,-0.494657159,-0.633629441,0.772690415,-0.197488546,-0.353579015,-0.045422137,-0.660443783,-0.087171167,-0.656554163,-0.649604976,0.503453314,-0.689939857,-0.081150867,-0.334092319,-0.65330416,1.02273345,-0.319143295,0.50832504,-0.609113157,-0.076560177,-0.625305831,-0.610395014
TCGA-25-2391,-0.610747755,-0.622491717,0.044738125,-0.477809429,-0.598226488,-0.621973574,1.882493854,-0.634374738,0.533033311,0.283064574,-0.53289634,1.345411658,0.476331562,-0.625914931,-0.651608109,-0.152056113,-0.660443783,-0.618807673,-0.656554163,0.49702999,-0.098737955,-0.47111389,-0.620383501,-0.667419493,-0.65330416,0.964468122,-0.337443054,0.315429419,-0.609113157,-0.611507535,2.212463617,-0.610395014
TCGA-25-1323,0.98574239,-0.622491717,0.091975041,-0.690470874,-0.539183378,1.525777102,0.012755836,-0.634374738,1.756724834,-0.545576155,-0.394582927,-0.633629441,-0.041915711,-0.625914931,0.090459235,-0.647012651,0.403462946,-0.618807673,-0.373238236,0.166877404,-0.636470318,-0.086952895,-0.620383501,0.699859381,1.039606214,-0.656473458,-0.49211207,-0.714076638,-0.609113157,-0.611507535,0.622587919,0.744972765
TCGA-13-1408,0.131832853,0.56420207,-0.649656534,-0.197455972,0.739344716,-0.621973574,-0.621293247,-0.469635218,-0.110263124,1.007516146,0.037047021,-0.633629441,1.029082537,-0.082292899,0.955795705,-0.647012651,0.882705688,-0.618807673,-0.656554163,-0.649604976,-0.636470318,0.337787211,-0.620383501,-0.605480969,1.599363804,-0.607886672,0.292252868,-0.714076638,-0.609113157,-0.208442494,-0.625305831,1.719884753
TCGA-25-1320,0.518006682,0.338984668,-0.649656534,-0.690470874,-0.097903073,-0.217553884,-0.621293247,-0.634374738,-0.065615274,1.433948755,-0.599817753,-0.633629441,0.19220674,-0.386724621,1.548786521,-0.090376765,1.376340985,-0.618807673,-0.209384799,-0.649604976,-0.636470318,0.764348447,-0.620383501,-0.455220073,1.538514614,-0.454379916,-0.315788686,-0.714076638,-0.609113157,-0.45664233,-0.625305831,0.468055516
TCGA-10-0937,-0.610747755,-0.622491717,-0.249869421,-0.690470874,-0.22860904,-0.621973574,1.126770616,0.532260239,-0.645413041,-0.615561843,-0.362219989,-0.119732939,-0.645053267,-0.444971681,-0.651608109,-0.248099267,-0.660443783,0.235042036,-0.656554163,-0.649604976,-0.085887663,-0.689939857,-0.236539632,-0.065522745,-0.65330416,-0.369332671,-0.580367744,-0.219241932,-0.609113157,0.012485865,-0.451882869,-0.610395014
TCGA-09-2045,-0.610747755,-0.622491717,-0.649656534,-0.61485213,-0.598226488,-0.621973574,-0.357076675,-0.634374738,-0.645413041,-0.003687654,-0.155916467,-0.614955902,-0.645053267,-0.625914931,0.335665166,1.500540733,-0.660443783,0.476406962,0.480246961,-0.649604976,1.10009551,-0.689939857,-0.620383501,-0.667419493,-0.65330416,0.159206688,-0.580367744,-0.714076638,-0.609113157,0.189335108,-0.625305831,-0.610395014
TCGA-25-1318,-0.610747755,-0.622491717,-0.649656534,-0.690470874,-0.334044605,-0.621973574,-0.346699625,-0.634374738,-0.098039322,0.540541351,-0.57161051,-0.430803329,1.034445167,-0.625914931,-0.48465246,-0.118272707,-0.660443783,-0.618807673,-0.656554163,0.297022581,0.540984809,0.156264693,-0.620383501,-0.667419493,-0.65330416,0.210583434,-0.580367744,0.501482248,-0.603316307,-0.611507535,0.15201062,-0.610395014
TCGA-09-2054,0.473583251,0.265919715,-0.649656534,0.35079354,-0.259017289,1.468977451,-0.621293247,-0.37450099,0.000783667,-0.615561843,0.519529879,-0.321701139,-0.645053267,-0.625914931,-0.651608109,-0.647012651,-0.213418931,-0.618807673,0.145274401,-0.649604976,-0.635555625,-0.689939857,-0.620383501,0.480913371,2.619580269,-0.656473458,1.290626645,-0.714076638,0.253416508,0.500490129,-0.472468525,-0.610395014
TCGA-09-0364,-0.078299716,-0.622491717,1.889769077,-0.690470874,-0.182760164,1.894735694,0.219607517,-0.634374738,1.489257097,-0.615561843,-0.122286268,0.043418728,-0.645053267,-0.625914931,-0.651608109,-0.647012651,-0.148308769,-0.618807673,-0.493016481,-0.649604976,-0.636470318,-0.26823315,-0.620383501,0.290636152,0.58362478,-0.656473458,0.444805622,-0.714076638,0.41273129,0.042813934,0.198620453,-0.610395014
TCGA-09-2053,0.904328883,-0.622491717,-0.649656534,0.034130853,0.188907102,-0.453667998,-0.621293247,0.129470661,-0.515265286,-0.615561843,0.694379151,-0.633629441,-0.645053267,-0.625914931,0.528279662,0.314675748,-0.660443783,-0.50316447,-0.249525279,-0.089643046,-0.636470318,-0.689939857,-0.620383501,0.66881007,0.203155369,-0.656473458,0.136075139,-0.426439911,-0.609113157,1.447268963,-0.625305831,-0.610395014
TCGA-09-1669,-0.084791556,-0.622491717,-0.649656534,0.810152531,-0.095158465,-0.319198042,-0.621293247,0.638625681,-0.645413041,-0.615561843,0.823073149,-0.633629441,-0.645053267,0.309792787,0.72208935,-0.647012651,-0.660443783,-0.120239094,0.083490357,-0.416961133,0.257465661,-0.689939857,-0.620383501,0.917884052,0.082550153,-0.656473458,-0.531567991,-0.714076638,-0.609113157,1.633249283,-0.625305831,-0.610395014
TCGA-24-1616,-0.610747755,-0.622491717,1.42807591,-0.690470874,-0.598226488,-0.57836616,1.446856499,-0.634374738,-0.645413041,-0.615561843,-0.599817753,0.911005616,-0.645053267,-0.214482293,-0.651608109,-0.647012651,-0.660443783,0.241084829,-0.251247585,0.49240759,2.275253296,0.149002135,-0.597998381,1.11265707,-0.65330416,-0.656473458,-0.580367744,-0.714076638,0.367898583,-0.611507535,0.913969874,0.000306959
TCGA-61-1733,-0.610747755,0.086673714,-0.636522174,0.617571831,-0.043235581,0.87431711,-0.013371466,0.011645305,0.327528417,0.941136956,-0.599817753,-0.633629441,0.085284255,-0.625914931,-0.344879597,-0.647012651,1.679357886,-0.618807673,-0.656554163,-0.649604976,-0.636470318,-0.248846382,-0.490307659,-0.148006022,0.361220807,0.748717785,-0.580367744,-0.714076638,-0.609113157,-0.611507535,-0.625305831,-0.610395014
TCGA-61-1907,-0.610747755,0.215435818,0.287309766,-0.405567229,-0.598226488,-0.621973574,1.321835876,1.119130969,-0.645413041,-0.615561843,-0.475490212,0.388925523,-0.645053267,1.162451267,-0.651608109,-0.647012651,-0.660443783,-0.618807673,-0.47564286,0.247513086,-0.440501332,-0.689939857,0.397607446,-0.667419493,-0.425643146,0.697873175,0.647890508,-0.714076638,-0.529711187,1.4597193,-0.484145433,0.258169532
TCGA-24-2254,-0.322785497,-0.622491717,-0.649656534,-0.690470874,-0.598226488,-0.579286456,-0.621293247,-0.634374738,0.720045388,0.475736499,0.636618853,0.582376361,0.77518779,-0.625914931,0.126531631,0.497842729,-0.660443783,-0.618807673,-0.387476534,-0.649604976,-0.015642328,0.314822823,-0.620383501,-0.667419493,-0.65330416,-0.433246225,-0.580367744,-0.574722648,-0.609113157,-0.611507535,0.020705612,-0.610395014
